id;avaliacao_id;municipio_id;ano_escolar_id;aprendizagem_id;nivel;quantidade_alunos
1;1;1;1;1;1;5
2;1;1;1;1;2;83
3;1;1;1;1;3;42
4;1;1;2;1;1;87
5;1;1;2;1;2;67
6;1;1;2;1;3;35
7;1;1;3;1;1;66
8;1;1;3;1;2;50
9;1;1;3;1;3;72
10;1;1;4;1;1;68
11;1;1;4;1;2;94
12;1;1;4;1;3;65
13;1;1;5;1;1;65
14;1;1;5;1;2;57
15;1;1;5;1;3;93
16;1;1;1;2;1;54
17;1;1;1;2;2;34
18;1;1;1;2;3;30
19;1;1;2;2;1;79
20;1;1;2;2;2;73
21;1;1;2;2;3;49
22;1;1;3;2;1;62
23;1;1;3;2;2;63
24;1;1;3;2;3;71
25;1;1;4;2;1;54
26;1;1;4;2;2;114
27;1;1;4;2;3;60
28;1;1;5;2;1;32
29;1;1;5;2;2;46
30;1;1;5;2;3;107
31;1;1;1;3;1;49
32;1;1;1;3;2;34
33;1;1;1;3;3;36
34;1;1;2;3;1;72
35;1;1;2;3;2;69
36;1;1;2;3;3;51
37;1;1;3;3;1;76
38;1;1;3;3;2;61
39;1;1;3;3;3;65
40;1;1;4;3;1;56
41;1;1;4;3;2;107
42;1;1;4;3;3;65
43;1;1;5;3;1;57
44;1;1;5;3;2;50
45;1;1;5;3;3;106
46;1;1;1;4;1;65
47;1;1;1;4;2;31
48;1;1;1;4;3;23
49;1;1;2;4;1;74
50;1;1;2;4;2;51
51;1;1;2;4;3;67
52;1;1;3;4;1;66
53;1;1;3;4;2;63
54;1;1;3;4;3;67
55;1;1;4;4;1;59
56;1;1;4;4;2;85
57;1;1;4;4;3;94
58;1;1;5;4;1;32
59;1;1;5;4;2;44
60;1;1;5;4;3;118
61;1;1;1;5;1;54
62;1;1;1;5;2;36
63;1;1;1;5;3;31
64;1;1;2;5;1;64
65;1;1;2;5;2;64
66;1;1;2;5;3;53
67;1;1;3;5;1;64
68;1;1;3;5;2;48
69;1;1;3;5;3;82
70;1;1;4;5;1;44
71;1;1;4;5;2;86
72;1;1;4;5;3;98
73;1;1;5;5;1;30
74;1;1;5;5;2;40
75;1;1;5;5;3;115
76;1;1;1;6;1;55
77;1;1;1;6;2;35
78;1;1;1;6;3;28
79;1;1;2;6;1;65
80;1;1;2;6;2;74
81;1;1;2;6;3;58
82;1;1;3;6;1;77
83;1;1;3;6;2;49
84;1;1;3;6;3;61
85;1;1;4;6;1;51
86;1;1;4;6;2;85
87;1;1;4;6;3;93
88;1;1;5;6;1;40
89;1;1;5;6;2;60
90;1;1;5;6;3;85
91;1;1;1;7;1;59
92;1;1;1;7;2;31
93;1;1;1;7;3;22
94;1;1;2;7;1;80
95;1;1;2;7;2;87
96;1;1;2;7;3;63
97;1;1;3;7;1;70
98;1;1;3;7;2;49
99;1;1;3;7;3;68
100;1;1;4;7;1;56
101;1;1;4;7;2;101
102;1;1;4;7;3;71
103;1;1;5;7;1;33
104;1;1;5;7;2;50
105;1;1;5;7;3;93
106;1;1;1;8;1;58
107;1;1;1;8;2;46
108;1;1;1;8;3;21
109;1;1;2;8;1;85
110;1;1;2;8;2;61
111;1;1;2;8;3;50
112;1;1;3;8;1;87
113;1;1;3;8;2;40
114;1;1;3;8;3;50
115;1;1;4;8;1;70
116;1;1;4;8;2;84
117;1;1;4;8;3;74
118;1;1;5;8;1;36
119;1;1;5;8;2;64
120;1;1;5;8;3;79
121;1;1;1;9;1;70
122;1;1;1;9;2;21
123;1;1;1;9;3;13
124;1;1;2;9;1;87
125;1;1;2;9;2;69
126;1;1;2;9;3;51
127;1;1;3;9;1;68
128;1;1;3;9;2;62
129;1;1;3;9;3;57
130;1;1;4;9;1;69
131;1;1;4;9;2;88
132;1;1;4;9;3;76
133;1;1;5;9;1;38
134;1;1;5;9;2;53
135;1;1;5;9;3;88
136;1;1;1;10;1;77
137;1;1;1;10;2;17
138;1;1;1;10;3;13
139;1;1;2;10;1;96
140;1;1;2;10;2;60
141;1;1;2;10;3;41
142;1;1;3;10;1;65
143;1;1;3;10;2;71
144;1;1;3;10;3;52
145;1;1;4;10;1;57
146;1;1;4;10;2;83
147;1;1;4;10;3;88
148;1;1;5;10;1;36
149;1;1;5;10;2;55
150;1;1;5;10;3;88
151;1;1;1;11;1;33
152;1;1;1;11;2;28
153;1;1;1;11;3;53
154;1;1;2;11;1;38
155;1;1;2;11;2;42
156;1;1;2;11;3;117
157;1;1;3;11;1;42
158;1;1;3;11;2;55
159;1;1;3;11;3;99
160;1;1;4;11;1;50
161;1;1;4;11;2;55
162;1;1;4;11;3;129
163;1;1;5;11;1;25
164;1;1;5;11;2;13
165;1;1;5;11;3;146
166;1;2;1;1;1;53
167;1;2;1;1;2;53
168;1;2;1;1;3;36
169;1;2;2;1;1;23
170;1;2;2;1;2;39
171;1;2;2;1;3;79
172;1;2;3;1;1;17
173;1;2;3;1;2;39
174;1;2;3;1;3;68
175;1;2;4;1;1;52
176;1;2;4;1;2;41
177;1;2;4;1;3;80
178;1;2;5;1;1;26
179;1;2;5;1;2;40
180;1;2;5;1;3;73
181;1;2;1;2;1;41
182;1;2;1;2;2;56
183;1;2;1;2;3;40
184;1;2;2;2;1;30
185;1;2;2;2;2;42
186;1;2;2;2;3;70
187;1;2;3;2;1;14
188;1;2;3;2;2;35
189;1;2;3;2;3;90
190;1;2;4;2;1;50
191;1;2;4;2;2;45
192;1;2;4;2;3;72
193;1;2;5;2;1;24
194;1;2;5;2;2;39
195;1;2;5;2;3;77
196;1;2;1;3;1;45
197;1;2;1;3;2;57
198;1;2;1;3;3;45
199;1;2;2;3;1;29
200;1;2;2;3;2;39
201;1;2;2;3;3;69
202;1;2;3;3;1;23
203;1;2;3;3;2;41
204;1;2;3;3;3;86
205;1;2;4;3;1;52
206;1;2;4;3;2;36
207;1;2;4;3;3;79
208;1;2;5;3;1;22
209;1;2;5;3;2;33
210;1;2;5;3;3;85
211;1;2;1;4;1;30
212;1;2;1;4;2;58
213;1;2;1;4;3;65
214;1;2;2;4;1;24
215;1;2;2;4;2;27
216;1;2;2;4;3;93
217;1;2;3;4;1;10
218;1;2;3;4;2;36
219;1;2;3;4;3;126
220;1;2;4;4;1;20
221;1;2;4;4;2;39
222;1;2;4;4;3;108
223;1;2;5;4;1;7
224;1;2;5;4;2;15
225;1;2;5;4;3;118
226;1;2;1;5;1;26
227;1;2;1;5;2;45
228;1;2;1;5;3;88
229;1;2;2;5;1;13
230;1;2;2;5;2;29
231;1;2;2;5;3;102
232;1;2;3;5;1;13
233;1;2;3;5;2;21
234;1;2;3;5;3;136
235;1;2;4;5;1;21
236;1;2;4;5;2;40
237;1;2;4;5;3;108
238;1;2;5;5;1;10
239;1;2;5;5;2;17
240;1;2;5;5;3;113
241;1;2;1;6;1;35
242;1;2;1;6;2;52
243;1;2;1;6;3;68
244;1;2;2;6;1;16
245;1;2;2;6;2;42
246;1;2;2;6;3;98
247;1;2;3;6;1;12
248;1;2;3;6;2;34
249;1;2;3;6;3;162
250;1;2;4;6;1;31
251;1;2;4;6;2;38
252;1;2;4;6;3;98
253;1;2;5;6;1;18
254;1;2;5;6;2;40
255;1;2;5;6;3;79
256;1;2;1;7;1;40
257;1;2;1;7;2;57
258;1;2;1;7;3;47
259;1;2;2;7;1;20
260;1;2;2;7;2;24
261;1;2;2;7;3;82
262;1;2;3;7;1;22
263;1;2;3;7;2;39
264;1;2;3;7;3;88
265;1;2;4;7;1;30
266;1;2;4;7;2;54
267;1;2;4;7;3;83
268;1;2;5;7;1;20
269;1;2;5;7;2;31
270;1;2;5;7;3;87
271;1;2;1;8;1;32
272;1;2;1;8;2;67
273;1;2;1;8;3;44
274;1;2;2;8;1;30
275;1;2;2;8;2;56
276;1;2;2;8;3;52
277;1;2;3;8;1;28
278;1;2;3;8;2;38
279;1;2;3;8;3;97
280;1;2;4;8;1;41
281;1;2;4;8;2;54
282;1;2;4;8;3;72
283;1;2;5;8;1;27
284;1;2;5;8;2;45
285;1;2;5;8;3;68
286;1;2;1;9;1;53
287;1;2;1;9;2;48
288;1;2;1;9;3;38
289;1;2;2;9;1;38
290;1;2;2;9;2;44
291;1;2;2;9;3;58
292;1;2;3;9;1;33
293;1;2;3;9;2;40
294;1;2;3;9;3;90
295;1;2;4;9;1;45
296;1;2;4;9;2;50
297;1;2;4;9;3;72
298;1;2;5;9;1;25
299;1;2;5;9;2;55
300;1;2;5;9;3;60
301;1;2;1;10;1;61
302;1;2;1;10;2;42
303;1;2;1;10;3;35
304;1;2;2;10;1;51
305;1;2;2;10;2;55
306;1;2;2;10;3;42
307;1;2;3;10;1;34
308;1;2;3;10;2;33
309;1;2;3;10;3;86
310;1;2;4;10;1;50
311;1;2;4;10;2;47
312;1;2;4;10;3;70
313;1;2;5;10;1;17
314;1;2;5;10;2;47
315;1;2;5;10;3;75
316;1;2;1;11;1;13
317;1;2;1;11;2;25
318;1;2;1;11;3;121
319;1;2;2;11;1;5
320;1;2;2;11;2;12
321;1;2;2;11;3;132
322;1;2;3;11;1;4
323;1;2;3;11;2;8
324;1;2;3;11;3;161
325;1;2;4;11;1;7
326;1;2;4;11;2;10
327;1;2;4;11;3;150
328;1;2;5;11;1;7
329;1;2;5;11;2;9
330;1;2;5;11;3;124
331;1;3;1;1;1;54
332;1;3;1;1;2;89
333;1;3;1;1;3;59
334;1;3;2;1;1;48
335;1;3;2;1;2;103
336;1;3;2;1;3;106
337;1;3;3;1;1;55
338;1;3;3;1;2;60
339;1;3;3;1;3;142
340;1;3;4;1;1;37
341;1;3;4;1;2;65
342;1;3;4;1;3;181
343;1;3;5;1;1;34
344;1;3;5;1;2;74
345;1;3;5;1;3;136
346;1;3;1;2;1;45
347;1;3;1;2;2;91
348;1;3;1;2;3;64
349;1;3;2;2;1;55
350;1;3;2;2;2;88
351;1;3;2;2;3;114
352;1;3;3;2;1;48
353;1;3;3;2;2;78
354;1;3;3;2;3;162
355;1;3;4;2;1;31
356;1;3;4;2;2;87
357;1;3;4;2;3;166
358;1;3;5;2;1;37
359;1;3;5;2;2;64
360;1;3;5;2;3;146
361;1;3;1;3;1;46
362;1;3;1;3;2;110
363;1;3;1;3;3;54
364;1;3;2;3;1;46
365;1;3;2;3;2;108
366;1;3;2;3;3;103
367;1;3;3;3;1;43
368;1;3;3;3;2;91
369;1;3;3;3;3;152
370;1;3;4;3;1;32
371;1;3;4;3;2;88
372;1;3;4;3;3;173
373;1;3;5;3;1;36
374;1;3;5;3;2;62
375;1;3;5;3;3;142
376;1;3;1;4;1;34
377;1;3;1;4;2;82
378;1;3;1;4;3;80
379;1;3;2;4;1;54
380;1;3;2;4;2;76
381;1;3;2;4;3;132
382;1;3;3;4;1;39
383;1;3;3;4;2;53
384;1;3;3;4;3;191
385;1;3;4;4;1;28
386;1;3;4;4;2;65
387;1;3;4;4;3;186
388;1;3;5;4;1;32
389;1;3;5;4;2;48
390;1;3;5;4;3;164
391;1;3;1;5;1;33
392;1;3;1;5;2;92
393;1;3;1;5;3;82
394;1;3;2;5;1;58
395;1;3;2;5;2;66
396;1;3;2;5;3;134
397;1;3;3;5;1;43
398;1;3;3;5;2;35
399;1;3;3;5;3;198
400;1;3;4;5;1;21
401;1;3;4;5;2;42
402;1;3;4;5;3;216
403;1;3;5;5;1;27
404;1;3;5;5;2;43
405;1;3;5;5;3;164
406;1;3;1;6;1;44
407;1;3;1;6;2;79
408;1;3;1;6;3;72
409;1;3;2;6;1;64
410;1;3;2;6;2;90
411;1;3;2;6;3;104
412;1;3;3;6;1;51
413;1;3;3;6;2;72
414;1;3;3;6;3;162
415;1;3;4;6;1;31
416;1;3;4;6;2;65
417;1;3;4;6;3;181
418;1;3;5;6;1;35
419;1;3;5;6;2;63
420;1;3;5;6;3;145
421;1;3;1;7;1;51
422;1;3;1;7;2;87
423;1;3;1;7;3;40
424;1;3;2;7;1;54
425;1;3;2;7;2;96
426;1;3;2;7;3;128
427;1;3;3;7;1;54
428;1;3;3;7;2;92
429;1;3;3;7;3;142
430;1;3;4;7;1;32
431;1;3;4;7;2;77
432;1;3;4;7;3;163
433;1;3;5;7;1;38
434;1;3;5;7;2;56
435;1;3;5;7;3;142
436;1;3;1;8;1;70
437;1;3;1;8;2;100
438;1;3;1;8;3;35
439;1;3;2;8;1;69
440;1;3;2;8;2;108
441;1;3;2;8;3;100
442;1;3;3;8;1;66
443;1;3;3;8;2;93
444;1;3;3;8;3;126
445;1;3;4;8;1;44
446;1;3;4;8;2;103
447;1;3;4;8;3;142
448;1;3;5;8;1;47
449;1;3;5;8;2;86
450;1;3;5;8;3;103
451;1;3;1;9;1;51
452;1;3;1;9;2;103
453;1;3;1;9;3;47
454;1;3;2;9;1;71
455;1;3;2;9;2;107
456;1;3;2;9;3;84
457;1;3;3;9;1;62
458;1;3;3;9;2;101
459;1;3;3;9;3;120
460;1;3;4;9;1;50
461;1;3;4;9;2;122
462;1;3;4;9;3;138
463;1;3;5;9;1;54
464;1;3;5;9;2;84
465;1;3;5;9;3;104
466;1;3;1;10;1;68
467;1;3;1;10;2;89
468;1;3;1;10;3;47
469;1;3;2;10;1;84
470;1;3;2;10;2;92
471;1;3;2;10;3;79
472;1;3;3;10;1;63
473;1;3;3;10;2;104
474;1;3;3;10;3;125
475;1;3;4;10;1;52
476;1;3;4;10;2;86
477;1;3;4;10;3;140
478;1;3;5;10;1;45
479;1;3;5;10;2;90
480;1;3;5;10;3;111
481;1;3;1;11;1;15
482;1;3;1;11;2;50
483;1;3;1;11;3;137
484;1;3;2;11;1;16
485;1;3;2;11;2;68
486;1;3;2;11;3;131
487;1;3;3;11;1;29
488;1;3;3;11;2;34
489;1;3;3;11;3;221
490;1;3;4;11;1;9
491;1;3;4;11;2;19
492;1;3;4;11;3;253
493;1;3;5;11;1;10
494;1;3;5;11;2;16
495;1;3;5;11;3;204
496;1;4;1;1;1;11
497;1;4;1;1;2;9
498;1;4;1;1;3;113
499;1;4;2;1;1;5
500;1;4;2;1;2;12
501;1;4;2;1;3;105
502;1;4;3;1;1;2
503;1;4;3;1;2;11
504;1;4;3;1;3;128
505;1;4;4;1;1;6
506;1;4;4;1;2;8
507;1;4;4;1;3;146
508;1;4;5;1;1;2
509;1;4;5;1;2;7
510;1;4;5;1;3;135
511;1;4;1;2;1;11
512;1;4;1;2;2;9
513;1;4;1;2;3;113
514;1;4;2;2;1;5
515;1;4;2;2;2;12
516;1;4;2;2;3;105
517;1;4;3;2;1;2
518;1;4;3;2;2;12
519;1;4;3;2;3;127
520;1;4;4;2;1;5
521;1;4;4;2;2;8
522;1;4;4;2;3;147
523;1;4;5;2;1;2
524;1;4;5;2;2;7
525;1;4;5;2;3;135
526;1;4;1;3;1;11
527;1;4;1;3;2;9
528;1;4;1;3;3;113
529;1;4;2;3;1;5
530;1;4;2;3;2;12
531;1;4;2;3;3;105
532;1;4;3;3;1;2
533;1;4;3;3;2;12
534;1;4;3;3;3;127
535;1;4;4;3;1;5
536;1;4;4;3;2;7
537;1;4;4;3;3;148
538;1;4;5;3;1;2
539;1;4;5;3;2;7
540;1;4;5;3;3;135
541;1;4;1;4;1;11
542;1;4;1;4;2;9
543;1;4;1;4;3;113
544;1;4;2;4;1;5
545;1;4;2;4;2;12
546;1;4;2;4;3;105
547;1;4;3;4;1;3
548;1;4;3;4;2;12
549;1;4;3;4;3;126
550;1;4;4;4;1;6
551;1;4;4;4;2;7
552;1;4;4;4;3;147
553;1;4;5;4;1;3
554;1;4;5;4;2;6
555;1;4;5;4;3;135
556;1;4;1;5;1;11
557;1;4;1;5;2;9
558;1;4;1;5;3;113
559;1;4;2;5;1;5
560;1;4;2;5;2;12
561;1;4;2;5;3;105
562;1;4;3;5;1;3
563;1;4;3;5;2;9
564;1;4;3;5;3;129
565;1;4;4;5;1;6
566;1;4;4;5;2;7
567;1;4;4;5;3;147
568;1;4;5;5;1;2
569;1;4;5;5;2;6
570;1;4;5;5;3;136
571;1;4;1;6;1;11
572;1;4;1;6;2;9
573;1;4;1;6;3;113
574;1;4;2;6;1;5
575;1;4;2;6;2;12
576;1;4;2;6;3;105
577;1;4;3;6;1;3
578;1;4;3;6;2;11
579;1;4;3;6;3;127
580;1;4;4;6;1;7
581;1;4;4;6;2;7
582;1;4;4;6;3;146
583;1;4;5;6;1;2
584;1;4;5;6;2;9
585;1;4;5;6;3;133
586;1;4;1;7;1;11
587;1;4;1;7;2;9
588;1;4;1;7;3;113
589;1;4;2;7;1;5
590;1;4;2;7;2;12
591;1;4;2;7;3;105
592;1;4;3;7;1;3
593;1;4;3;7;2;11
594;1;4;3;7;3;127
595;1;4;4;7;1;6
596;1;4;4;7;2;7
597;1;4;4;7;3;147
598;1;4;5;7;1;2
599;1;4;5;7;2;9
600;1;4;5;7;3;133
601;1;4;1;8;1;11
602;1;4;1;8;2;9
603;1;4;1;8;3;113
604;1;4;2;8;1;5
605;1;4;2;8;2;12
606;1;4;2;8;3;105
607;1;4;3;8;1;3
608;1;4;3;8;2;11
609;1;4;3;8;3;127
610;1;4;4;8;1;6
611;1;4;4;8;2;7
612;1;4;4;8;3;147
613;1;4;5;8;1;2
614;1;4;5;8;2;12
615;1;4;5;8;3;130
616;1;4;1;9;1;11
617;1;4;1;9;2;9
618;1;4;1;9;3;113
619;1;4;2;9;1;5
620;1;4;2;9;2;12
621;1;4;2;9;3;105
622;1;4;3;9;1;3
623;1;4;3;9;2;12
624;1;4;3;9;3;126
625;1;4;4;9;1;6
626;1;4;4;9;2;7
627;1;4;4;9;3;147
628;1;4;5;9;1;3
629;1;4;5;9;2;12
630;1;4;5;9;3;129
631;1;4;1;10;1;11
632;1;4;1;10;2;9
633;1;4;1;10;3;113
634;1;4;2;10;1;5
635;1;4;2;10;2;12
636;1;4;2;10;3;105
637;1;4;3;10;1;3
638;1;4;3;10;2;10
639;1;4;3;10;3;128
640;1;4;4;10;1;6
641;1;4;4;10;2;8
642;1;4;4;10;3;146
643;1;4;5;10;1;3
644;1;4;5;10;2;12
645;1;4;5;10;3;129
646;1;4;1;11;1;9
647;1;4;1;11;2;7
648;1;4;1;11;3;117
649;1;4;2;11;1;2
650;1;4;2;11;2;5
651;1;4;2;11;3;115
652;1;4;3;11;1;2
653;1;4;3;11;2;3
654;1;4;3;11;3;136
655;1;4;4;11;1;2
656;1;4;4;11;2;4
657;1;4;4;11;3;154
658;1;4;5;11;1;0
659;1;4;5;11;2;0
660;1;4;5;11;3;144
661;1;5;1;1;1;192
662;1;5;1;1;2;123
663;1;5;1;1;3;132
664;1;5;2;1;1;156
665;1;5;2;1;2;207
666;1;5;2;1;3;104
667;1;5;3;1;1;78
668;1;5;3;1;2;104
669;1;5;3;1;3;122
670;1;5;4;1;1;79
671;1;5;4;1;2;160
672;1;5;4;1;3;206
673;1;5;5;1;1;63
674;1;5;5;1;2;106
675;1;5;5;1;3;297
676;1;5;1;2;1;90
677;1;5;1;2;2;110
678;1;5;1;2;3;126
679;1;5;2;2;1;139
680;1;5;2;2;2;239
681;1;5;2;2;3;111
682;1;5;3;2;1;68
683;1;5;3;2;2;118
684;1;5;3;2;3;129
685;1;5;4;2;1;80
686;1;5;4;2;2;145
687;1;5;4;2;3;223
688;1;5;5;2;1;59
689;1;5;5;2;2;142
690;1;5;5;2;3;260
691;1;5;1;3;1;107
692;1;5;1;3;2;106
693;1;5;1;3;3;118
694;1;5;2;3;1;162
695;1;5;2;3;2;209
696;1;5;2;3;3;104
697;1;5;3;3;1;62
698;1;5;3;3;2;105
699;1;5;3;3;3;151
700;1;5;4;3;1;84
701;1;5;4;3;2;111
702;1;5;4;3;3;212
703;1;5;5;3;1;58
704;1;5;5;3;2;146
705;1;5;5;3;3;278
706;1;5;1;4;1;140
707;1;5;1;4;2;129
708;1;5;1;4;3;149
709;1;5;2;4;1;130
710;1;5;2;4;2;163
711;1;5;2;4;3;48
712;1;5;3;4;1;73
713;1;5;3;4;2;92
714;1;5;3;4;3;110
715;1;5;4;4;1;68
716;1;5;4;4;2;124
717;1;5;4;4;3;232
718;1;5;5;4;1;56
719;1;5;5;4;2;104
720;1;5;5;4;3;312
721;1;5;1;5;1;129
722;1;5;1;5;2;120
723;1;5;1;5;3;151
724;1;5;2;5;1;146
725;1;5;2;5;2;177
726;1;5;2;5;3;73
727;1;5;3;5;1;79
728;1;5;3;5;2;106
729;1;5;3;5;3;124
730;1;5;4;5;1;63
731;1;5;4;5;2;129
732;1;5;4;5;3;214
733;1;5;5;5;1;72
734;1;5;5;5;2;83
735;1;5;5;5;3;342
736;1;5;1;6;1;91
737;1;5;1;6;2;130
738;1;5;1;6;3;181
739;1;5;2;6;1;148
740;1;5;2;6;2;185
741;1;5;2;6;3;61
742;1;5;3;6;1;71
743;1;5;3;6;2;96
744;1;5;3;6;3;140
745;1;5;4;6;1;97
746;1;5;4;6;2;149
747;1;5;4;6;3;209
748;1;5;5;6;1;51
749;1;5;5;6;2;131
750;1;5;5;6;3;270
751;1;5;1;7;1;105
752;1;5;1;7;2;159
753;1;5;1;7;3;142
754;1;5;2;7;1;144
755;1;5;2;7;2;196
756;1;5;2;7;3;57
757;1;5;3;7;1;81
758;1;5;3;7;2;115
759;1;5;3;7;3;129
760;1;5;4;7;1;89
761;1;5;4;7;2;169
762;1;5;4;7;3;178
763;1;5;5;7;1;59
764;1;5;5;7;2;135
765;1;5;5;7;3;290
766;1;5;1;8;1;151
767;1;5;1;8;2;126
768;1;5;1;8;3;152
769;1;5;2;8;1;134
770;1;5;2;8;2;176
771;1;5;2;8;3;45
772;1;5;3;8;1;82
773;1;5;3;8;2;111
774;1;5;3;8;3;107
775;1;5;4;8;1;130
776;1;5;4;8;2;119
777;1;5;4;8;3;162
778;1;5;5;8;1;76
779;1;5;5;8;2;126
780;1;5;5;8;3;280
781;1;5;1;9;1;164
782;1;5;1;9;2;105
783;1;5;1;9;3;128
784;1;5;2;9;1;148
785;1;5;2;9;2;549
786;1;5;2;9;3;53
787;1;5;3;9;1;116
788;1;5;3;9;2;116
789;1;5;3;9;3;99
790;1;5;4;9;1;110
791;1;5;4;9;2;166
792;1;5;4;9;3;173
793;1;5;5;9;1;79
794;1;5;5;9;2;138
795;1;5;5;9;3;267
796;1;5;1;10;1;176
797;1;5;1;10;2;75
798;1;5;1;10;3;134
799;1;5;2;10;1;133
800;1;5;2;10;2;199
801;1;5;2;10;3;34
802;1;5;3;10;1;129
803;1;5;3;10;2;77
804;1;5;3;10;3;79
805;1;5;4;10;1;112
806;1;5;4;10;2;135
807;1;5;4;10;3;171
808;1;5;5;10;1;77
809;1;5;5;10;2;111
810;1;5;5;10;3;252
811;1;5;1;11;1;81
812;1;5;1;11;2;142
813;1;5;1;11;3;96
814;1;5;2;11;1;142
815;1;5;2;11;2;310
816;1;5;2;11;3;97
817;1;5;3;11;1;47
818;1;5;3;11;2;64
819;1;5;3;11;3;203
820;1;5;4;11;1;46
821;1;5;4;11;2;57
822;1;5;4;11;3;334
823;1;5;5;11;1;40
824;1;5;5;11;2;312
825;1;5;5;11;3;418
826;1;6;1;1;1;25
827;1;6;1;1;2;33
828;1;6;1;1;3;55
829;1;6;2;1;1;20
830;1;6;2;1;2;21
831;1;6;2;1;3;58
832;1;6;3;1;1;26
833;1;6;3;1;2;36
834;1;6;3;1;3;73
835;1;6;4;1;1;18
836;1;6;4;1;2;28
837;1;6;4;1;3;74
838;1;6;5;1;1;17
839;1;6;5;1;2;30
840;1;6;5;1;3;85
841;1;6;1;2;1;24
842;1;6;1;2;2;37
843;1;6;1;2;3;52
844;1;6;2;2;1;21
845;1;6;2;2;2;28
846;1;6;2;2;3;51
847;1;6;3;2;1;27
848;1;6;3;2;2;31
849;1;6;3;2;3;77
850;1;6;4;2;1;14
851;1;6;4;2;2;31
852;1;6;4;2;3;75
853;1;6;5;2;1;18
854;1;6;5;2;2;33
855;1;6;5;2;3;78
856;1;6;1;3;1;25
857;1;6;1;3;2;45
858;1;6;1;3;3;44
859;1;6;2;3;1;19
860;1;6;2;3;2;20
861;1;6;2;3;3;61
862;1;6;3;3;1;24
863;1;6;3;3;2;38
864;1;6;3;3;3;73
865;1;6;4;3;1;9
866;1;6;4;3;2;21
867;1;6;4;3;3;90
868;1;6;5;3;1;13
869;1;6;5;3;2;36
870;1;6;5;3;3;80
871;1;6;1;4;1;26
872;1;6;1;4;2;41
873;1;6;1;4;3;45
874;1;6;2;4;1;17
875;1;6;2;4;2;26
876;1;6;2;4;3;57
877;1;6;3;4;1;22
878;1;6;3;4;2;30
879;1;6;3;4;3;83
880;1;6;4;4;1;7
881;1;6;4;4;2;14
882;1;6;4;4;3;99
883;1;6;5;4;1;3
884;1;6;5;4;2;13
885;1;6;5;4;3;113
886;1;6;1;5;1;35
887;1;6;1;5;2;40
888;1;6;1;5;3;39
889;1;6;2;5;1;18
890;1;6;2;5;2;25
891;1;6;2;5;3;57
892;1;6;3;5;1;24
893;1;6;3;5;2;39
894;1;6;3;5;3;72
895;1;6;4;5;1;7
896;1;6;4;5;2;21
897;1;6;4;5;3;92
898;1;6;5;5;1;2
899;1;6;5;5;2;17
900;1;6;5;5;3;109
901;1;6;1;6;1;34
902;1;6;1;6;2;36
903;1;6;1;6;3;42
904;1;6;2;6;1;12
905;1;6;2;6;2;28
906;1;6;2;6;3;60
907;1;6;3;6;1;25
908;1;6;3;6;2;34
909;1;6;3;6;3;76
910;1;6;4;6;1;12
911;1;6;4;6;2;27
912;1;6;4;6;3;81
913;1;6;5;6;1;7
914;1;6;5;6;2;21
915;1;6;5;6;3;100
916;1;6;1;7;1;38
917;1;6;1;7;2;38
918;1;6;1;7;3;38
919;1;6;2;7;1;22
920;1;6;2;7;2;19
921;1;6;2;7;3;59
922;1;6;3;7;1;26
923;1;6;3;7;2;41
924;1;6;3;7;3;68
925;1;6;4;7;1;15
926;1;6;4;7;2;20
927;1;6;4;7;3;85
928;1;6;5;7;1;10
929;1;6;5;7;2;23
930;1;6;5;7;3;95
931;1;6;1;8;1;45
932;1;6;1;8;2;35
933;1;6;1;8;3;31
934;1;6;2;8;1;12
935;1;6;2;8;2;20
936;1;6;2;8;3;68
937;1;6;3;8;1;32
938;1;6;3;8;2;45
939;1;6;3;8;3;58
940;1;6;4;8;1;19
941;1;6;4;8;2;43
942;1;6;4;8;3;58
943;1;6;5;8;1;18
944;1;6;5;8;2;45
945;1;6;5;8;3;65
946;1;6;1;9;1;36
947;1;6;1;9;2;44
948;1;6;1;9;3;27
949;1;6;2;9;1;7
950;1;6;2;9;2;27
951;1;6;2;9;3;66
952;1;6;3;9;1;31
953;1;6;3;9;2;42
954;1;6;3;9;3;69
955;1;6;4;9;1;13
956;1;6;4;9;2;43
957;1;6;4;9;3;64
958;1;6;5;9;1;17
959;1;6;5;9;2;45
960;1;6;5;9;3;66
961;1;6;1;10;1;28
962;1;6;1;10;2;41
963;1;6;1;10;3;39
964;1;6;2;10;1;6
965;1;6;2;10;2;17
966;1;6;2;10;3;77
967;1;6;3;10;1;33
968;1;6;3;10;2;54
969;1;6;3;10;3;48
970;1;6;4;10;1;12
971;1;6;4;10;2;45
972;1;6;4;10;3;63
973;1;6;5;10;1;14
974;1;6;5;10;2;49
975;1;6;5;10;3;65
976;1;6;1;11;1;8
977;1;6;1;11;2;23
978;1;6;1;11;3;82
979;1;6;2;11;1;14
980;1;6;2;11;2;10
981;1;6;2;11;3;76
982;1;6;3;11;1;16
983;1;6;3;11;2;27
984;1;6;3;11;3;92
985;1;6;4;11;1;3
986;1;6;4;11;2;7
987;1;6;4;11;3;110
988;1;6;5;11;1;1
989;1;6;5;11;2;5
990;1;6;5;11;3;122
991;1;7;1;1;1;39
992;1;7;1;1;2;28
993;1;7;1;1;3;21
994;1;7;2;1;1;22
995;1;7;2;1;2;39
996;1;7;2;1;3;33
997;1;7;3;1;1;34
998;1;7;3;1;2;22
999;1;7;3;1;3;57
1000;1;7;4;1;1;32
1001;1;7;4;1;2;27
1002;1;7;4;1;3;63
1003;1;7;5;1;1;20
1004;1;7;5;1;2;46
1005;1;7;5;1;3;45
1006;1;7;1;2;1;29
1007;1;7;1;2;2;38
1008;1;7;1;2;3;21
1009;1;7;2;2;1;25
1010;1;7;2;2;2;33
1011;1;7;2;2;3;30
1012;1;7;3;2;1;27
1013;1;7;3;2;2;38
1014;1;7;3;2;3;55
1015;1;7;4;2;1;27
1016;1;7;4;2;2;14
1017;1;7;4;2;3;76
1018;1;7;5;2;1;16
1019;1;7;5;2;2;33
1020;1;7;5;2;3;61
1021;1;7;1;3;1;30
1022;1;7;1;3;2;34
1023;1;7;1;3;3;23
1024;1;7;2;3;1;26
1025;1;7;2;3;2;44
1026;1;7;2;3;3;26
1027;1;7;3;3;1;31
1028;1;7;3;3;2;35
1029;1;7;3;3;3;54
1030;1;7;4;3;1;28
1031;1;7;4;3;2;28
1032;1;7;4;3;3;65
1033;1;7;5;3;1;37
1034;1;7;5;3;2;37
1035;1;7;5;3;3;44
1036;1;7;1;4;1;32
1037;1;7;1;4;2;25
1038;1;7;1;4;3;29
1039;1;7;2;4;1;24
1040;1;7;2;4;2;26
1041;1;7;2;4;3;46
1042;1;7;3;4;1;22
1043;1;7;3;4;2;29
1044;1;7;3;4;3;69
1045;1;7;4;4;1;17
1046;1;7;4;4;2;18
1047;1;7;4;4;3;87
1048;1;7;5;4;1;8
1049;1;7;5;4;2;20
1050;1;7;5;4;3;85
1051;1;7;1;5;1;38
1052;1;7;1;5;2;20
1053;1;7;1;5;3;30
1054;1;7;2;5;1;23
1055;1;7;2;5;2;22
1056;1;7;2;5;3;55
1057;1;7;3;5;1;28
1058;1;7;3;5;2;27
1059;1;7;3;5;3;64
1060;1;7;4;5;1;19
1061;1;7;4;5;2;20
1062;1;7;4;5;3;82
1063;1;7;5;5;1;10
1064;1;7;5;5;2;21
1065;1;7;5;5;3;82
1066;1;7;1;6;1;42
1067;1;7;1;6;2;35
1068;1;7;1;6;3;29
1069;1;7;2;6;1;27
1070;1;7;2;6;2;45
1071;1;7;2;6;3;22
1072;1;7;3;6;1;35
1073;1;7;3;6;2;31
1074;1;7;3;6;3;53
1075;1;7;4;6;1;28
1076;1;7;4;6;2;26
1077;1;7;4;6;3;64
1078;1;7;5;6;1;11
1079;1;7;5;6;2;56
1080;1;7;5;6;3;65
1081;1;7;1;7;1;33
1082;1;7;1;7;2;35
1083;1;7;1;7;3;25
1084;1;7;2;7;1;23
1085;1;7;2;7;2;33
1086;1;7;2;7;3;38
1087;1;7;3;7;1;37
1088;1;7;3;7;2;35
1089;1;7;3;7;3;50
1090;1;7;4;7;1;31
1091;1;7;4;7;2;27
1092;1;7;4;7;3;64
1093;1;7;5;7;1;9
1094;1;7;5;7;2;31
1095;1;7;5;7;3;69
1096;1;7;1;8;1;49
1097;1;7;1;8;2;30
1098;1;7;1;8;3;13
1099;1;7;2;8;1;33
1100;1;7;2;8;2;39
1101;1;7;2;8;3;18
1102;1;7;3;8;1;41
1103;1;7;3;8;2;28
1104;1;7;3;8;3;48
1105;1;7;4;8;1;33
1106;1;7;4;8;2;36
1107;1;7;4;8;3;57
1108;1;7;5;8;1;21
1109;1;7;5;8;2;60
1110;1;7;5;8;3;47
1111;1;7;1;9;1;39
1112;1;7;1;9;2;25
1113;1;7;1;9;3;14
1114;1;7;2;9;1;33
1115;1;7;2;9;2;41
1116;1;7;2;9;3;19
1117;1;7;3;9;1;35
1118;1;7;3;9;2;29
1119;1;7;3;9;3;51
1120;1;7;4;9;1;33
1121;1;7;4;9;2;35
1122;1;7;4;9;3;52
1123;1;7;5;9;1;21
1124;1;7;5;9;2;50
1125;1;7;5;9;3;4
1126;1;7;1;10;1;46
1127;1;7;1;10;2;25
1128;1;7;1;10;3;25
1129;1;7;2;10;1;44
1130;1;7;2;10;2;34
1131;1;7;2;10;3;24
1132;1;7;3;10;1;38
1133;1;7;3;10;2;30
1134;1;7;3;10;3;47
1135;1;7;4;10;1;29
1136;1;7;4;10;2;42
1137;1;7;4;10;3;54
1138;1;7;5;10;1;14
1139;1;7;5;10;2;45
1140;1;7;5;10;3;46
1141;1;7;1;11;1;27
1142;1;7;1;11;2;15
1143;1;7;1;11;3;53
1144;1;7;2;11;1;10
1145;1;7;2;11;2;24
1146;1;7;2;11;3;64
1147;1;7;3;11;1;3
1148;1;7;3;11;2;30
1149;1;7;3;11;3;75
1150;1;7;4;11;1;8
1151;1;7;4;11;2;12
1152;1;7;4;11;3;102
1153;1;7;5;11;1;4
1154;1;7;5;11;2;5
1155;1;7;5;11;3;103
1156;1;8;1;1;1;136
1157;1;8;1;1;2;84
1158;1;8;1;1;3;65
1159;1;8;2;1;1;105
1160;1;8;2;1;2;89
1161;1;8;2;1;3;150
1162;1;8;3;1;1;125
1163;1;8;3;1;2;122
1164;1;8;3;1;3;152
1165;1;8;4;1;1;45
1166;1;8;4;1;2;80
1167;1;8;4;1;3;201
1168;1;8;5;1;1;55
1169;1;8;5;1;2;83
1170;1;8;5;1;3;142
1171;1;8;1;2;1;114
1172;1;8;1;2;2;103
1173;1;8;1;2;3;69
1174;1;8;2;2;1;106
1175;1;8;2;2;2;91
1176;1;8;2;2;3;143
1177;1;8;3;2;1;125
1178;1;8;3;2;2;121
1179;1;8;3;2;3;164
1180;1;8;4;2;1;46
1181;1;8;4;2;2;76
1182;1;8;4;2;3;201
1183;1;8;5;2;1;56
1184;1;8;5;2;2;81
1185;1;8;5;2;3;143
1186;1;8;1;3;1;111
1187;1;8;1;3;2;92
1188;1;8;1;3;3;82
1189;1;8;2;3;1;107
1190;1;8;2;3;2;89
1191;1;8;2;3;3;149
1192;1;8;3;3;1;107
1193;1;8;3;3;2;121
1194;1;8;3;3;3;168
1195;1;8;4;3;1;43
1196;1;8;4;3;2;89
1197;1;8;4;3;3;198
1198;1;8;5;3;1;46
1199;1;8;5;3;2;68
1200;1;8;5;3;3;163
1201;1;8;1;4;1;108
1202;1;8;1;4;2;101
1203;1;8;1;4;3;81
1204;1;8;2;4;1;85
1205;1;8;2;4;2;90
1206;1;8;2;4;3;163
1207;1;8;3;4;1;106
1208;1;8;3;4;2;104
1209;1;8;3;4;3;189
1210;1;8;4;4;1;33
1211;1;8;4;4;2;87
1212;1;8;4;4;3;208
1213;1;8;5;4;1;26
1214;1;8;5;4;2;46
1215;1;8;5;4;3;206
1216;1;8;1;5;1;106
1217;1;8;1;5;2;101
1218;1;8;1;5;3;80
1219;1;8;2;5;1;80
1220;1;8;2;5;2;84
1221;1;8;2;5;3;172
1222;1;8;3;5;1;89
1223;1;8;3;5;2;84
1224;1;8;3;5;3;219
1225;1;8;4;5;1;27
1226;1;8;4;5;2;78
1227;1;8;4;5;3;225
1228;1;8;5;5;1;23
1229;1;8;5;5;2;43
1230;1;8;5;5;3;211
1231;1;8;1;6;1;116
1232;1;8;1;6;2;102
1233;1;8;1;6;3;62
1234;1;8;2;6;1;92
1235;1;8;2;6;2;106
1236;1;8;2;6;3;137
1237;1;8;3;6;1;119
1238;1;8;3;6;2;102
1239;1;8;3;6;3;174
1240;1;8;4;6;1;25
1241;1;8;4;6;2;112
1242;1;8;4;6;3;183
1243;1;8;5;6;1;28
1244;1;8;5;6;2;91
1245;1;8;5;6;3;119
1246;1;8;1;7;1;121
1247;1;8;1;7;2;101
1248;1;8;1;7;3;57
1249;1;8;2;7;1;111
1250;1;8;2;7;2;110
1251;1;8;2;7;3;114
1252;1;8;3;7;1;125
1253;1;8;3;7;2;108
1254;1;8;3;7;3;166
1255;1;8;4;7;1;42
1256;1;8;4;7;2;103
1257;1;8;4;7;3;171
1258;1;8;5;7;1;31
1259;1;8;5;7;2;85
1260;1;8;5;7;3;164
1261;1;8;1;8;1;131
1262;1;8;1;8;2;97
1263;1;8;1;8;3;57
1264;1;8;2;8;1;128
1265;1;8;2;8;2;107
1266;1;8;2;8;3;105
1267;1;8;3;8;1;149
1268;1;8;3;8;2;95
1269;1;8;3;8;3;144
1270;1;8;4;8;1;54
1271;1;8;4;8;2;112
1272;1;8;4;8;3;167
1273;1;8;5;8;1;37
1274;1;8;5;8;2;87
1275;1;8;5;8;3;152
1276;1;8;1;9;1;122
1277;1;8;1;9;2;103
1278;1;8;1;9;3;53
1279;1;8;2;9;1;136
1280;1;8;2;9;2;108
1281;1;8;2;9;3;94
1282;1;8;3;9;1;148
1283;1;8;3;9;2;106
1284;1;8;3;9;3;144
1285;1;8;4;9;1;42
1286;1;8;4;9;2;115
1287;1;8;4;9;3;162
1288;1;8;5;9;1;36
1289;1;8;5;9;2;89
1290;1;8;5;9;3;152
1291;1;8;1;10;1;137
1292;1;8;1;10;2;96
1293;1;8;1;10;3;50
1294;1;8;2;10;1;128
1295;1;8;2;10;2;117
1296;1;8;2;10;3;92
1297;1;8;3;10;1;138
1298;1;8;3;10;2;93
1299;1;8;3;10;3;161
1300;1;8;4;10;1;69
1301;1;8;4;10;2;99
1302;1;8;4;10;3;160
1303;1;8;5;10;1;38
1304;1;8;5;10;2;82
1305;1;8;5;10;3;183
1306;1;8;1;11;1;30
1307;1;8;1;11;2;103
1308;1;8;1;11;3;138
1309;1;8;2;11;1;62
1310;1;8;2;11;2;55
1311;1;8;2;11;3;225
1312;1;8;3;11;1;41
1313;1;8;3;11;2;69
1314;1;8;3;11;3;294
1315;1;8;4;11;1;13
1316;1;8;4;11;2;58
1317;1;8;4;11;3;280
1318;1;8;5;11;1;1
1319;1;8;5;11;2;16
1320;1;8;5;11;3;263
1321;1;9;1;1;1;150
1322;1;9;1;1;2;150
1323;1;9;1;1;3;47
1324;1;9;2;1;1;101
1325;1;9;2;1;2;138
1326;1;9;2;1;3;132
1327;1;9;3;1;1;105
1328;1;9;3;1;2;137
1329;1;9;3;1;3;165
1330;1;9;4;1;1;132
1331;1;9;4;1;2;126
1332;1;9;4;1;3;230
1333;1;9;5;1;1;101
1334;1;9;5;1;2;122
1335;1;9;5;1;3;202
1336;1;9;1;2;1;122
1337;1;9;1;2;2;139
1338;1;9;1;2;3;86
1339;1;9;2;2;1;88
1340;1;9;2;2;2;149
1341;1;9;2;2;3;133
1342;1;9;3;2;1;132
1343;1;9;3;2;2;133
1344;1;9;3;2;3;142
1345;1;9;4;2;1;100
1346;1;9;4;2;2;136
1347;1;9;4;2;3;252
1348;1;9;5;2;1;90
1349;1;9;5;2;2;130
1350;1;9;5;2;3;295
1351;1;9;1;3;1;147
1352;1;9;1;3;2;112
1353;1;9;1;3;3;88
1354;1;9;2;3;1;135
1355;1;9;2;3;2;158
1356;1;9;2;3;3;78
1357;1;9;3;3;1;84
1358;1;9;3;3;2;140
1359;1;9;3;3;3;183
1360;1;9;4;3;1;114
1361;1;9;4;3;2;139
1362;1;9;4;3;3;235
1363;1;9;5;3;1;86
1364;1;9;5;3;2;97
1365;1;9;5;3;3;242
1366;1;9;1;4;1;132
1367;1;9;1;4;2;135
1368;1;9;1;4;3;80
1369;1;9;2;4;1;109
1370;1;9;2;4;2;118
1371;1;9;2;4;3;144
1372;1;9;3;4;1;107
1373;1;9;3;4;2;101
1374;1;9;3;4;3;199
1375;1;9;4;4;1;90
1376;1;9;4;4;2;110
1377;1;9;4;4;3;288
1378;1;9;5;4;1;157
1379;1;9;5;4;2;150
1380;1;9;5;4;3;230
1381;1;9;1;5;1;141
1382;1;9;1;5;2;116
1383;1;9;1;5;3;90
1384;1;9;2;5;1;102
1385;1;9;2;5;2;143
1386;1;9;2;5;3;126
1387;1;9;3;5;1;91
1388;1;9;3;5;2;114
1389;1;9;3;5;3;202
1390;1;9;4;5;1;70
1391;1;9;4;5;2;112
1392;1;9;4;5;3;306
1393;1;9;5;5;1;80
1394;1;9;5;5;2;100
1395;1;9;5;5;3;245
1396;1;9;1;6;1;179
1397;1;9;1;6;2;109
1398;1;9;1;6;3;59
1399;1;9;2;6;1;107
1400;1;9;2;6;2;149
1401;1;9;2;6;3;115
1402;1;9;3;6;1;115
1403;1;9;3;6;2;115
1404;1;9;3;6;3;177
1405;1;9;4;6;1;93
1406;1;9;4;6;2;146
1407;1;9;4;6;3;249
1408;1;9;5;6;1;77
1409;1;9;5;6;2;88
1410;1;9;5;6;3;260
1411;1;9;1;7;1;137
1412;1;9;1;7;2;145
1413;1;9;1;7;3;65
1414;1;9;2;7;1;126
1415;1;9;2;7;2;152
1416;1;9;2;7;3;93
1417;1;9;3;7;1;108
1418;1;9;3;7;2;111
1419;1;9;3;7;3;188
1420;1;9;4;7;1;88
1421;1;9;4;7;2;144
1422;1;9;4;7;3;256
1423;1;9;5;7;1;100
1424;1;9;5;7;2;146
1425;1;9;5;7;3;179
1426;1;9;1;8;1;211
1427;1;9;1;8;2;93
1428;1;9;1;8;3;43
1429;1;9;2;8;1;133
1430;1;9;2;8;2;140
1431;1;9;2;8;3;98
1432;1;9;3;8;1;156
1433;1;9;3;8;2;106
1434;1;9;3;8;3;145
1435;1;9;4;8;1;137
1436;1;9;4;8;2;185
1437;1;9;4;8;3;166
1438;1;9;5;8;1;101
1439;1;9;5;8;2;113
1440;1;9;5;8;3;211
1441;1;9;1;9;1;191
1442;1;9;1;9;2;115
1443;1;9;1;9;3;41
1444;1;9;2;9;1;139
1445;1;9;2;9;2;146
1446;1;9;2;9;3;86
1447;1;9;3;9;1;146
1448;1;9;3;9;2;100
1449;1;9;3;9;3;161
1450;1;9;4;9;1;97
1451;1;9;4;9;2;235
1452;1;9;4;9;3;156
1453;1;9;5;9;1;74
1454;1;9;5;9;2;168
1455;1;9;5;9;3;183
1456;1;9;1;10;1;192
1457;1;9;1;10;2;114
1458;1;9;1;10;3;41
1459;1;9;2;10;1;135
1460;1;9;2;10;2;139
1461;1;9;2;10;3;97
1462;1;9;3;10;1;146
1463;1;9;3;10;2;118
1464;1;9;3;10;3;143
1465;1;9;4;10;1;92
1466;1;9;4;10;2;201
1467;1;9;4;10;3;195
1468;1;9;5;10;1;93
1469;1;9;5;10;2;149
1470;1;9;5;10;3;183
1471;1;9;1;11;1;57
1472;1;9;1;11;2;115
1473;1;9;1;11;3;175
1474;1;9;2;11;1;42
1475;1;9;2;11;2;101
1476;1;9;2;11;3;229
1477;1;9;3;11;1;62
1478;1;9;3;11;2;204
1479;1;9;3;11;3;141
1480;1;9;4;11;1;81
1481;1;9;4;11;2;52
1482;1;9;4;11;3;355
1483;1;9;5;11;1;46
1484;1;9;5;11;2;39
1485;1;9;5;11;3;340
